{"cameraMode":{"drawMode":0,"name":"Shaded","section":"Shading Mode"},"sceneLighting":false,"audioPlay":false,"sceneViewState":{"showFog":true,"showMaterialUpdate":false,"showSkybox":true,"showFlares":true,"showImageEffects":true,"showParticleSystems":true},"in2DMode":false,"pivot":{"x":0.21366558969020844,"y":-1.0835108757019044,"z":-1.1904296875},"rotation":{"x":-0.03476342186331749,"y":-0.047356847673654559,"z":0.0016498140757903457,"w":-0.9982732534408569},"size":3.9515092372894289,"orthographic":false}